frame_id,timestamp_sec,file_name,valid,interpolated_flag,quality_score,handedness,handedness_score,temporal_jump_score,bone_length_error,wrist_step,fingertip_step_max,fingertip_step_mean,bbox_area,mask_area,mask_bbox_ratio,mask_inside_bbox,mask_bbox_iou,mask_area_change,bbox_area_change,failure_reason,risk_level,risk_reasons
0,0.0,000000.jpg,True,False,0.9965959191322327,Left,0.9965959191322327,0.0,0.003530728630721569,0.0,0.0,0.0,14057.857421875,12946.0,0.9209084510803223,0.9359647631645203,0.7830802798271179,0.0,0.0,ok,ok,ok
1,0.06666667014360428,000001.jpg,True,False,0.9896170496940613,Left,0.9896170496940613,0.6543250679969788,0.0034197913482785225,0.0023626836482435465,0.002475892659276724,0.0016989164287224412,13024.9794921875,12341.0,0.9474871158599854,0.9236690998077393,0.7865325808525085,0.047850675880908966,0.07627546042203903,ok,ok,ok
2,0.13333334028720856,000002.jpg,True,False,0.9848707318305969,Left,0.9848707318305969,0.7792953848838806,0.0033389965537935495,0.002813935512676835,0.002480828668922186,0.001727855415083468,13095.91796875,12457.0,0.9512124061584473,0.9246206879615784,0.7823129296302795,0.009355593472719193,0.005431549623608589,ok,ok,ok
3,0.20000000298023224,000003.jpg,True,False,0.986465573310852,Left,0.986465573310852,0.6721005439758301,0.003482299856841564,0.0024268687702715397,0.002299364423379302,0.0014994407538324594,13107.3134765625,12404.0,0.9463419318199158,0.9261528253555298,0.7829936742782593,0.004263706039637327,0.0008697788580320776,ok,ok,ok
4,0.2666666805744171,000004.jpg,True,False,0.985002875328064,Left,0.985002875328064,0.15443341434001923,0.003369237994775176,0.0005576392286457121,0.0016637701774016023,0.0007877677562646568,13253.86328125,12449.0,0.9392732977867126,0.9279460310935974,0.787280261516571,0.003621293231844902,0.011118609458208084,ok,ok,ok
5,0.3333333432674408,000005.jpg,True,False,0.987402081489563,Left,0.987402081489563,0.09125863760709763,0.003416233230382204,0.00032952320179902017,0.0004342785687185824,0.0003704509581439197,13152.8974609375,12465.0,0.9476999044418335,0.9270758032798767,0.7812828421592712,0.0012844183947890997,0.007646967191249132,ok,ok,ok
6,0.4000000059604645,000006.jpg,True,False,0.9857427477836609,Left,0.9857427477836609,0.2520926296710968,0.003544948296621442,0.0009102740441448987,0.000740717863664031,0.0006274658371694386,13225.8671875,12475.0,0.9432273507118225,0.9301002025604248,0.7770779728889465,0.0008019246160984039,0.005532459355890751,ok,ok,ok
7,0.46666666865348816,000007.jpg,True,False,0.9874173402786255,Left,0.9874173402786255,0.1363442987203598,0.003485914785414934,0.0004923217347823083,0.0006337818340398371,0.00037564095691777766,13264.849609375,12557.0,0.9466372132301331,0.9285657405853271,0.7793684005737305,0.0065516140311956406,0.0029431006405502558,ok,ok,ok
8,0.5333333611488342,000008.jpg,True,False,0.9857775568962097,Left,0.9857775568962097,0.22486437857151031,0.0034950319677591324,0.0008119563572108746,0.0013332761591300368,0.0004360808525234461,13324.0185546875,12499.0,0.938080370426178,0.9282342791557312,0.7871924042701721,0.004629629664123058,0.004450655542314053,ok,ok,ok
9,0.6000000238418579,000009.jpg,True,False,0.9849190711975098,Left,0.9849190711975098,0.13751830160617828,0.003487224457785487,0.0004965609405189753,0.0010904492810368538,0.00046268803998827934,13292.4169921875,12493.0,0.93985915184021,0.9267590045928955,0.7853253483772278,0.00048015365609899163,0.002374590141698718,ok,ok,ok
10,0.6666666865348816,000010.jpg,True,False,0.9858621954917908,Left,0.9858621954917908,0.2797318994998932,0.003386435331776738,0.0010100759100168943,0.001881018397398293,0.0007593146874569356,13363.9404296875,12622.0,0.9444819092750549,0.9279828667640686,0.7851903438568115,0.010272745043039322,0.005366332363337278,ok,ok,ok
11,0.7333333492279053,000011.jpg,True,False,0.9869468212127686,Left,0.9869468212127686,0.24321642518043518,0.0032982719130814075,0.0008782232762314379,0.0017172512598335743,0.0007479718187823892,13546.25390625,12712.0,0.9384143948554993,0.931403398513794,0.7831109762191772,0.007105076219886541,0.01354977022856474,ok,ok,ok
12,0.800000011920929,000012.jpg,True,False,0.9883500933647156,Left,0.9883500933647156,0.12564493715763092,0.003234971547499299,0.0004536877095233649,0.0016186427092179656,0.0009465405019000173,13739.724609375,12782.0,0.9302952289581299,0.933343768119812,0.7900934815406799,0.0054914881475269794,0.014180961064994335,ok,ok,ok
13,0.8666666746139526,000013.jpg,True,False,0.9893010258674622,Left,0.9893010258674622,0.13084135949611664,0.003166484646499157,0.00047245132736861706,0.0020302345510572195,0.0008536420064046979,13969.685546875,13097.0,0.9375300407409668,0.932809054851532,0.7863600254058838,0.02434406243264675,0.016598038375377655,ok,ok,ok
14,0.9333333373069763,000014.jpg,True,False,0.9894291162490845,Left,0.9894291162490845,0.249603271484375,0.0030862255953252316,0.0009012853261083364,0.0014697208534926176,0.0010930749122053385,14162.86328125,13121.0,0.9264369606971741,0.9358280897140503,0.7889295816421509,0.0018308032304048538,0.013733397237956524,ok,ok,ok
15,1.0,000015.jpg,True,False,0.9899992942810059,Left,0.9899992942810059,0.12150520831346512,0.00301586021669209,0.0004387396911624819,0.0017508104210719466,0.0008630148367956281,14282.734375,13322.0,0.9327345490455627,0.9367212057113647,0.7832164168357849,0.015202511101961136,0.008428094908595085,ok,ok,ok
16,1.0666667222976685,000016.jpg,True,False,0.9922735095024109,Left,0.9922735095024109,0.14723385870456696,0.0029383322689682245,0.0005316425231285393,0.0022540322970598936,0.0011156023247167468,14564.7265625,13460.0,0.9241505265235901,0.9366270303726196,0.7905300855636597,0.010305428877472878,0.019550573080778122,ok,ok,ok
17,1.1333333253860474,000017.jpg,True,False,0.9892405271530151,Left,0.9892405271530151,0.2486051321029663,0.002946624532341957,0.0008976811659522355,0.001974169397726655,0.0008141741855069995,14858.646484375,13531.0,0.9106482267379761,0.9388810992240906,0.798336923122406,0.005261012818664312,0.01997866854071617,ok,ok,ok
18,1.2000000476837158,000018.jpg,True,False,0.9888126850128174,Left,0.9888126850128174,0.14077523350715637,0.0029508653096854687,0.0005083212745375931,0.0006709161680191755,0.00038463438977487385,14676.2041015625,13444.0,0.9160406589508057,0.938262403011322,0.792366087436676,0.00645041698589921,0.012354379519820213,ok,ok,ok
19,1.2666666507720947,000019.jpg,True,False,0.9888960719108582,Left,0.9888960719108582,0.07649686187505722,0.0029759223107248545,0.0002762203512247652,0.0004762877942994237,0.00033287398400716484,14672.9990234375,13380.0,0.9118790030479431,0.9376681447029114,0.7961475253105164,0.004771845880895853,0.00021840988483745605,ok,ok,ok
20,1.3333333730697632,000020.jpg,True,False,0.9888647198677063,Left,0.9888647198677063,0.23882505297660828,0.0030698003247380257,0.0008623665780760348,0.000918728532269597,0.000497033994179219,14629.6796875,13463.0,0.9202525615692139,0.937235414981842,0.7898542284965515,0.00618410762399435,0.002956680953502655,ok,ok,ok
21,1.399999976158142,000021.jpg,True,False,0.989397406578064,Left,0.989397406578064,0.1486697643995285,0.0030827128794044256,0.0005368274287320673,0.0005408480647020042,0.000320080085657537,14522.6904296875,13439.0,0.9253795146942139,0.9345933198928833,0.7963747382164001,0.0017842539818957448,0.007340003736317158,ok,ok,ok
22,1.4666666984558105,000022.jpg,True,False,0.986321747303009,Left,0.986321747303009,0.1328895092010498,0.003100598929449916,0.0004798469308298081,0.0007097986526787281,0.00038517668144777417,14869.9423828125,13511.0,0.9086114764213562,0.9388646483421326,0.802825927734375,0.005343228112906218,0.02362850308418274,ok,ok,ok
23,1.5333333015441895,000023.jpg,True,False,0.9866861701011658,Left,0.9866861701011658,0.2800526022911072,0.003143108682706952,0.0010112340096384287,0.0013312327209860086,0.0007670657942071557,14757.7060546875,13630.0,0.9235852956771851,0.9382244944572449,0.7887181639671326,0.00876902136951685,0.0075764586217701435,ok,ok,ok
24,1.600000023841858,000024.jpg,True,False,0.9868385791778564,Left,0.9868385791778564,0.413627028465271,0.0031543585937470198,0.0014935540966689587,0.0019492018036544323,0.001042017713189125,14872.0107421875,13642.0,0.9172936081886292,0.9387919902801514,0.7948271036148071,0.0008800234645605087,0.007715543732047081,ok,ok,ok
25,1.6666666269302368,000025.jpg,True,False,0.9862592816352844,Left,0.9862592816352844,0.3651341199874878,0.003160106251016259,0.001318452414125204,0.0018265205435454845,0.0012202785583212972,15321.2529296875,13897.0,0.9070407152175903,0.9386917948722839,0.8063817024230957,0.018519191071391106,0.029757775366306305,ok,ok,ok
26,1.7333333492279053,000026.jpg,True,False,0.9873350858688354,Left,0.9873350858688354,0.3537859618663788,0.0031527946703135967,0.001277475617825985,0.002489213366061449,0.001335068722255528,15297.951171875,13919.0,0.909860372543335,0.9419498443603516,0.7971835136413574,0.0015818234533071518,0.0015220355708152056,ok,ok,ok
27,1.7999999523162842,000027.jpg,True,False,0.9890267252922058,Left,0.9890267252922058,0.47324034571647644,0.003190167946740985,0.001708810101263225,0.0026233973912894726,0.0018477856647223234,15768.7548828125,14267.0,0.9047638773918152,0.9419639706611633,0.8015429973602295,0.024693110957741737,0.03030921332538128,ok,ok,ok
28,1.8666666746139526,000028.jpg,True,False,0.9872963428497314,Left,0.9872963428497314,0.2935654819011688,0.0031031060498207808,0.0010600272798910737,0.002452957211062312,0.0016727341571822762,16080.119140625,14424.0,0.8970082998275757,0.9452301859855652,0.8018010258674622,0.010944198817014694,0.019552607089281082,ok,ok,ok
29,1.9333332777023315,000029.jpg,True,False,0.9896065592765808,Left,0.9896065592765808,0.45987069606781006,0.003039072034880519,0.0016605339478701353,0.002734626643359661,0.002209434751421213,16948.51953125,15086.0,0.8901072144508362,0.9473021626472473,0.8056527972221375,0.04486614838242531,0.0525846891105175,ok,ok,ok
30,2.0,000030.jpg,True,False,0.9892734289169312,Left,0.9892734289169312,0.3747645616531372,0.0030517035629600286,0.001353226718492806,0.0023388569243252277,0.001955986488610506,17083.71875,15110.0,0.8844678401947021,0.947385847568512,0.8120795488357544,0.0015896145487204194,0.00794536154717207,ok,ok,ok
31,2.066666603088379,000031.jpg,True,False,0.9910929799079895,Left,0.9910929799079895,0.5084236264228821,0.0030179086606949568,0.0018358522793278098,0.005602432414889336,0.0031131014693528414,17507.517578125,15421.0,0.8808216452598572,0.9500681161880493,0.8069468140602112,0.02037273533642292,0.024503249675035477,ok,ok,ok
32,2.133333444595337,000032.jpg,True,False,0.9908563494682312,Left,0.9908563494682312,0.3380797207355499,0.0028984863311052322,0.00122076238039881,0.0068077826872467995,0.003084353171288967,18092.337890625,15575.0,0.8608616590499878,0.9513322710990906,0.8151537775993347,0.009936765767633915,0.032855208963155746,ok,critical,fingertip_step_outlier
33,2.200000047683716,000033.jpg,True,False,0.9860037565231323,Left,0.9860037565231323,0.48686420917510986,0.0028502296190708876,0.0017580040730535984,0.006686019711196423,0.003340295050293207,18894.65625,16106.0,0.8524103164672852,0.9530609846115112,0.817561149597168,0.03352167084813118,0.04338381066918373,ok,critical,fingertip_step_outlier
34,2.2666666507720947,000034.jpg,True,False,0.9891756772994995,Left,0.9891756772994995,0.2946131229400635,0.0026112431660294533,0.0010638100793585181,0.007179611828178167,0.002697847317904234,19085.869140625,16291.0,0.8535634279251099,0.9512614607810974,0.8210034370422363,0.011420810595154762,0.01006899680942297,ok,critical,fingertip_step_outlier
35,2.3333332538604736,000035.jpg,True,False,0.9897503852844238,Left,0.9897503852844238,0.19476252794265747,0.0023065819405019283,0.0007032624562270939,0.007763710338622332,0.002673128619790077,19254.21484375,16378.0,0.8506189584732056,0.9512150287628174,0.8259357810020447,0.005326149985194206,0.008781706914305687,ok,critical,fingertip_step_outlier
36,2.4000000953674316,000036.jpg,True,False,0.9855707287788391,Left,0.9855707287788391,0.17881739139556885,0.0019913131836801767,0.0006456866394728422,0.0047291056253015995,0.001881154254078865,19224.595703125,16408.0,0.8534899950027466,0.9509994983673096,0.8246652483940125,0.0018300494411960244,0.0015395039226859808,ok,ok,ok
37,2.4666666984558105,000037.jpg,True,False,0.983222484588623,Left,0.983222484588623,0.4471052587032318,0.0016378319123759866,0.001614439650438726,0.004934006370604038,0.0023085700813680887,19171.02734375,16341.0,0.8523799777030945,0.9524508714675903,0.8180161118507385,0.004091728013008833,0.0027903367299586535,ok,ok,ok
38,2.5333333015441895,000038.jpg,True,False,0.9807057976722717,Left,0.9807057976722717,0.5801135897636414,0.0012524737976491451,0.0020947156008332968,0.004782744683325291,0.003303518984466791,18869.6796875,16194.0,0.8582021594047546,0.9516487717628479,0.8160214424133301,0.009036422707140446,0.015843430534005165,ok,ok,ok
39,2.5999999046325684,000039.jpg,True,False,0.9764969348907471,Left,0.9764969348907471,0.33673712611198425,0.0012121922336518764,0.0012159144971519709,0.004807955585420132,0.0034334890078753233,18782.18359375,15974.0,0.8504868149757385,0.9508576393127441,0.8188953399658203,0.013678189367055893,0.004647636786103249,ok,ok,ok
40,2.6666667461395264,000040.jpg,True,False,0.972296953201294,Left,0.972296953201294,0.43170857429504395,0.001552058500237763,0.0015588442329317331,0.004196849651634693,0.0029166508466005325,18357.73828125,15740.0,0.8574041128158569,0.945679783821106,0.8180810809135437,0.014756890013813972,0.02285655401647091,ok,ok,ok
41,2.7333333492279053,000041.jpg,True,False,0.9628814458847046,Left,0.9628814458847046,0.3159793019294739,0.0016701312270015478,0.0011409606086090207,0.004344598855823278,0.002870065625756979,18106.0703125,15575.0,0.8602087497711182,0.9368860125541687,0.8155888319015503,0.010538080707192421,0.013803713023662567,ok,ok,ok
42,2.799999952316284,000042.jpg,True,False,0.9689997434616089,Left,0.9689997434616089,0.41828545928001404,0.0017147894250229,0.0015103750629350543,0.0038125456776469946,0.0024809837341308594,17836.736328125,15400.0,0.8633866310119629,0.936103880405426,0.8167004585266113,0.011299435049295425,0.014986809343099594,ok,ok,ok
43,2.866666555404663,000043.jpg,True,False,0.9708697199821472,Left,0.9708697199821472,0.8609099984169006,0.001261694822460413,0.003108635311946273,0.00403943145647645,0.0031943158246576786,17346.3515625,14972.0,0.863120973110199,0.9268634915351868,0.8143444657325745,0.02818385325372219,0.02787616476416588,ok,critical,temporal_jump
44,2.933333396911621,000044.jpg,True,False,0.9712623357772827,Left,0.9712623357772827,0.6226207613945007,0.001152382930740714,0.0022482036147266626,0.0033690601121634245,0.0024752686731517315,17271.640625,14837.0,0.859038233757019,0.9272090196609497,0.819999098777771,0.00905766710639,0.004316306672990322,ok,ok,ok
45,3.0,000045.jpg,True,False,0.9821113348007202,Left,0.9821113348007202,0.44235360622406006,0.0011869542067870498,0.0015972820110619068,0.0032086209394037724,0.0023268789518624544,17400.333984375,14851.0,0.853489339351654,0.9339438676834106,0.8130237460136414,0.0009431419894099236,0.007423480041325092,ok,ok,ok
46,3.066666603088379,000046.jpg,True,False,0.9752373695373535,Left,0.9752373695373535,0.5582706332206726,0.0013024471700191498,0.0020158435218036175,0.002731296233832836,0.0019608044531196356,17754.64453125,14866.0,0.837302029132843,0.9401318430900574,0.8116409182548523,0.00100952317006886,0.020157063379883766,ok,ok,ok
47,3.133333444595337,000047.jpg,True,False,0.9761238098144531,Left,0.9761238098144531,0.593572735786438,0.0014419746585190296,0.0021433148067444563,0.0028064080979675055,0.0021168612875044346,17497.349609375,14863.0,0.8494429588317871,0.9367557168006897,0.8138301372528076,0.00020182313164696097,0.014597468078136444,ok,ok,ok
48,3.200000047683716,000048.jpg,True,False,0.9819779992103577,Left,0.9819779992103577,0.44452643394470215,0.0017197640845552087,0.001605127821676433,0.0019210455939173698,0.0014502146514132619,17521.017578125,14853.0,0.8477247357368469,0.9340200424194336,0.8179746270179749,0.0006730380700901151,0.0013517460320144892,ok,ok,ok
49,3.2666666507720947,000049.jpg,True,False,0.9825361371040344,Left,0.9825361371040344,0.5097038149833679,0.0020285691134631634,0.0018404748989269137,0.001945876399986446,0.001538597047328949,17990.58203125,15089.0,0.8387166261672974,0.9406189918518066,0.8141271471977234,0.01576380990445614,0.026445692405104637,ok,ok,ok
50,3.3333332538604736,000050.jpg,True,False,0.9820631742477417,Left,0.9820631742477417,0.3891587257385254,0.0022555221803486347,0.0014052022015675902,0.0018885607132688165,0.0017625477630645037,17760.431640625,14804.0,0.833538293838501,0.9410970211029053,0.8195104002952576,0.01906801015138626,0.012875180691480637,ok,ok,ok
51,3.4000000953674316,000051.jpg,True,False,0.9837815165519714,Left,0.9837815165519714,0.3783343732357025,0.002457163529470563,0.0013661168050020933,0.0014886419521644711,0.001016453723423183,17754.90625,14764.0,0.831544816493988,0.9380926489830017,0.8192555904388428,0.0027056278195232153,0.0003111551923211664,ok,ok,ok
52,3.4666666984558105,000052.jpg,True,False,0.9869419932365417,Left,0.9869419932365417,0.4366268515586853,0.002736006397753954,0.0015766035066917539,0.0015531620010733604,0.0012897085398435593,17928.921875,14736.0,0.8219122290611267,0.9438789486885071,0.817776083946228,0.0018983051413670182,0.009753192774951458,ok,ok,ok
53,3.5333333015441895,000053.jpg,True,False,0.9688897728919983,Left,0.9688897728919983,0.26525527238845825,0.0028824193868786097,0.0009578026947565377,0.0022507840767502785,0.0012862586881965399,17183.466796875,14331.0,0.8339993357658386,0.9413160085678101,0.8182603120803833,0.027866652235388756,0.042461082339286804,ok,ok,ok
54,3.5999999046325684,000054.jpg,True,False,0.9756695032119751,Left,0.9756695032119751,0.24108852446079254,0.002973694819957018,0.0008705396903678775,0.0027851008344441652,0.0017089347820729017,17459.9140625,14534.0,0.832421064376831,0.9432365298271179,0.8119379878044128,0.014065477065742016,0.0159595999866724,ok,ok,ok
55,3.6666667461395264,000055.jpg,True,False,0.9800446629524231,Left,0.9800446629524231,0.06357778608798981,0.0029253431130200624,0.00022957120381761342,0.0028755709063261747,0.0017183648888021708,17459.60546875,14604.0,0.8364450335502625,0.9407011866569519,0.8202775120735168,0.004804722499102354,1.7674570699455217e-05,ok,ok,ok
56,3.7333333492279053,000056.jpg,True,False,0.9846914410591125,Left,0.9846914410591125,0.35745152831077576,0.0029801998753100634,0.0012907115742564201,0.004708838649094105,0.0030413600616157055,16980.201171875,14465.0,0.8518744707107544,0.9403387308120728,0.8103174567222595,0.009563452564179897,0.027840128168463707,ok,ok,ok
57,3.799999952316284,000057.jpg,True,False,0.9784030914306641,Left,0.9784030914306641,0.27185890078544617,0.0027594619896262884,0.0009816475212574005,0.0032717364374548197,0.002189247403293848,16973.41796875,14385.0,0.8475016951560974,0.9423010349273682,0.8109612464904785,0.005545927211642265,0.0003995570295955986,ok,ok,ok
58,3.866666555404663,000058.jpg,True,False,0.9873339533805847,Left,0.9873339533805847,0.3050661087036133,0.0027092588134109974,0.0011015544878318906,0.0023857001215219498,0.0018159381579607725,16842.353515625,14270.0,0.8472687602043152,0.942256510257721,0.8160054087638855,0.00802652258425951,0.00775167578831315,ok,ok,ok
59,3.933333396911621,000059.jpg,True,False,0.9796893000602722,Left,0.9796893000602722,0.37212300300598145,0.0027524579782038927,0.0013436883455142379,0.0018279054202139378,0.0013169778976589441,16922.08203125,14333.0,0.8469998240470886,0.944394052028656,0.8124288320541382,0.004405132494866848,0.004722632467746735,ok,ok,ok
60,4.0,000060.jpg,True,False,0.978179395198822,Left,0.978179395198822,0.670534074306488,0.0030738080386072397,0.0024212123826146126,0.002331733237951994,0.001765619614161551,16857.1015625,14210.0,0.8429681658744812,0.9458128213882446,0.813409686088562,0.008618575520813465,0.0038473675958812237,ok,ok,ok
61,4.066666603088379,000061.jpg,True,False,0.9744890332221985,Left,0.9744890332221985,0.6391457915306091,0.0031662597320973873,0.0023078732192516327,0.0020922638941556215,0.0014704724308103323,16666.615234375,14022.0,0.8413226008415222,0.9445870518684387,0.8145950436592102,0.013318220153450966,0.011364271864295006,ok,ok,ok
62,4.133333206176758,000062.jpg,True,False,0.9717543721199036,Left,0.9717543721199036,0.6154245138168335,0.0033806413412094116,0.002222218783572316,0.002514908090233803,0.0020865947008132935,16774.328125,13929.0,0.8303760290145874,0.9455811381340027,0.8198596239089966,0.006654502358287573,0.00644197640940547,ok,ok,ok
63,4.199999809265137,000063.jpg,True,False,0.9621070623397827,Left,0.9621070623397827,0.43403124809265137,0.0036241929046809673,0.0015672310255467892,0.0019881022162735462,0.0016330571379512548,16623.298828125,13978.0,0.8408679962158203,0.9469165802001953,0.8124780058860779,0.0035116637591272593,0.009044313803315163,ok,ok,ok
64,4.266666889190674,000064.jpg,True,False,0.9623408317565918,Left,0.9623408317565918,0.311735600233078,0.003586144419386983,0.0011256372090429068,0.002762154908850789,0.0019306766334921122,16347.0693359375,13877.0,0.8488983511924744,0.9443683624267578,0.8155999183654785,0.0072518400847911835,0.016756227239966393,ok,ok,ok
65,4.333333492279053,000065.jpg,True,False,0.9625151753425598,Left,0.9625151753425598,0.1646348387002945,0.003609101055189967,0.000594475248362869,0.00254370691254735,0.0020272317342460155,16317.9716796875,13915.0,0.8527407646179199,0.9445202946662903,0.8132960200309753,0.002734599867835641,0.0017815778264775872,ok,ok,ok
66,4.400000095367432,000066.jpg,True,False,0.9534763097763062,Left,0.9534763097763062,0.4663451910018921,0.0037330538034439087,0.0016839125892147422,0.002958963392302394,0.0023021551314741373,16455.2734375,14009.0,0.8513380289077759,0.9478906393051147,0.8086526393890381,0.006732559762895107,0.00837889313697815,ok,critical,low_confidence;bone_length_outlier
67,4.4666666984558105,000067.jpg,True,False,0.9510747194290161,Left,0.9510747194290161,0.5528972148895264,0.003964715637266636,0.001996440812945366,0.004078427329659462,0.0028056323062628508,16003.720703125,13829.0,0.8641115427017212,0.9437414407730103,0.8136933445930481,0.012931963428854942,0.027822965756058693,ok,critical,low_confidence;bone_length_outlier
68,4.5333333015441895,000068.jpg,True,False,0.9697258472442627,Left,0.9697258472442627,0.2777060568332672,0.004079287871718407,0.001002760836854577,0.0042691826820373535,0.0028795411344617605,15337.6162109375,13651.0,0.890034019947052,0.9421287775039673,0.8074554204940796,0.012954875826835632,0.04250645264983177,ok,critical,bone_length_outlier
69,4.599999904632568,000069.jpg,True,False,0.9823920726776123,Left,0.9823920726776123,0.41144928336143494,0.003998489584773779,0.0014856904745101929,0.0033768569119274616,0.0023168751504272223,14661.7451171875,13272.0,0.9052128195762634,0.9390445947647095,0.8004010319709778,0.028154365718364716,0.04505903273820877,ok,critical,bone_length_outlier
70,4.666666507720947,000070.jpg,True,False,0.9845775365829468,Left,0.9845775365829468,0.715713381767273,0.003944944124668837,0.0025843491312116385,0.003952720668166876,0.0028778440319001675,14283.880859375,13090.0,0.9164175987243652,0.9362108707427979,0.8028260469436646,0.013807754032313824,0.026108557358384132,ok,critical,bone_length_outlier
71,4.733333110809326,000071.jpg,True,False,0.9762241840362549,Left,0.9762241840362549,0.1665419638156891,0.004053805023431778,0.0006013616221025586,0.005684018135070801,0.003249482484534383,13682.0419921875,12730.0,0.9304167032241821,0.9345639944076538,0.7984384894371033,0.02788536064326763,0.04304087534546852,ok,critical,bone_length_outlier
72,4.800000190734863,000072.jpg,True,False,0.9718376398086548,Left,0.9718376398086548,0.5481947064399719,0.003976199775934219,0.001979460706934333,0.003849180880934,0.002626233734190464,13326.7529296875,12501.0,0.9380379319190979,0.9372850060462952,0.7889854311943054,0.018152272328734398,0.026309138163924217,ok,critical,bone_length_outlier
73,4.866666793823242,000073.jpg,True,False,0.9461156725883484,Left,0.9461156725883484,0.3730187714099884,0.003954509273171425,0.0013469228288158774,0.0034562465734779835,0.0019805310294032097,12713.9619140625,11978.0,0.9421138763427734,0.9344632029533386,0.7945232391357422,0.04273050278425217,0.04706406965851784,ok,critical,low_confidence;bone_length_outlier
74,4.933333396911621,000074.jpg,True,False,0.9509795308113098,Left,0.9509795308113098,0.5449698567390442,0.00401753094047308,0.001967816147953272,0.0032612523064017296,0.0023767701350152493,12306.0849609375,11892.0,0.9663512110710144,0.9315506219863892,0.7877911329269409,0.00720569770783186,0.03260401263833046,ok,critical,low_confidence;bone_length_outlier
75,5.0,000075.jpg,True,False,0.9498119354248047,Left,0.9498119354248047,0.217778742313385,0.003767541842535138,0.0007863710634410381,0.0019950419664382935,0.0017323652282357216,11844.080078125,11693.0,0.9872442483901978,0.9232019186019897,0.7833386659622192,0.01687513291835785,0.038261014968156815,ok,critical,low_confidence;bone_length_outlier
76,5.066666603088379,000076.jpg,True,False,0.9753594398498535,Left,0.9753594398498535,0.48854637145996094,0.003352033207193017,0.0017640781588852406,0.003378791967406869,0.0019286724273115396,10667.3837890625,11333.0,1.0623973608016968,0.8962322473526001,0.7729988694190979,0.031268998980522156,0.10454195737838745,ok,ok,ok
77,5.133333206176758,000077.jpg,True,False,0.9682852625846863,Left,0.9682852625846863,0.5138540863990784,0.0031571772415190935,0.001855461043305695,0.0019009563839063048,0.0012466232292354107,10897.296875,11379.0,1.0442038774490356,0.9084278345108032,0.7760502099990845,0.004050721880048513,0.02132311649620533,ok,ok,ok
78,5.199999809265137,000078.jpg,True,False,0.9513638615608215,Left,0.9513638615608215,0.6002109050750732,0.0027930561918765306,0.0021672844886779785,0.0016513543669134378,0.001300871605053544,10789.810546875,11450.0,1.06118643283844,0.9006113409996033,0.7749630808830261,0.006220158655196428,0.009912462905049324,ok,critical,low_confidence
79,5.266666889190674,000079.jpg,True,False,0.9647653698921204,Left,0.9647653698921204,0.4116723835468292,0.00264923763461411,0.0014864960685372353,0.0020612699445337057,0.0009168587857857347,10664.0009765625,11461.0,1.074737310409546,0.8970421552658081,0.7725298404693604,0.0009602374630048871,0.011728411540389061,ok,ok,ok
80,5.333333492279053,000080.jpg,True,False,0.9617732763290405,Left,0.9617732763290405,0.3319757580757141,0.002426073420792818,0.0011987218167632818,0.0007185454596765339,0.0005029088351875544,10868.4150390625,11577.0,1.0651967525482178,0.9019607901573181,0.7741037011146545,0.01007031835615635,0.01898663491010666,ok,ok,ok
81,5.400000095367432,000081.jpg,True,False,0.9677987098693848,Left,0.9677987098693848,0.22144295275211334,0.00237033748999238,0.0007996020722202957,0.0006807358004152775,0.00048364605754613876,11063.1396484375,11678.0,1.0555773973464966,0.9032368659973145,0.781460702419281,0.008686304092407227,0.017757482826709747,ok,ok,ok
82,5.4666666984558105,000082.jpg,True,False,0.9705466032028198,Left,0.9705466032028198,0.3705882132053375,0.0022910938132554293,0.0013381463941186666,0.0011884807609021664,0.0006986354128457606,10792.9453125,11558.0,1.0708847045898438,0.8982523083686829,0.7753552794456482,0.010328800417482853,0.02472485974431038,ok,ok,ok
83,5.5333333015441895,000083.jpg,True,False,0.97285395860672,Left,0.97285395860672,0.10449894517660141,0.002333534648641944,0.0003773322678171098,0.0008637818391434848,0.0006152972928248346,10927.8974609375,11739.0,1.0742231607437134,0.901098906993866,0.7719077467918396,0.015538481064140797,0.012426050379872322,ok,ok,ok
84,5.599999904632568,000084.jpg,True,False,0.9661445617675781,Left,0.9661445617675781,0.30539464950561523,0.002373010851442814,0.0011027408763766289,0.0007404236821457744,0.0005112565122544765,10804.939453125,11586.0,1.0722873210906982,0.8972898125648499,0.7762169241905212,0.013118971139192581,0.011315412819385529,ok,ok,ok
85,5.666666507720947,000085.jpg,True,False,0.9724255800247192,Left,0.9724255800247192,0.342013955116272,0.0024729790166020393,0.001234968425706029,0.0011645735939964652,0.0005638172733597457,10868.107421875,11658.0,1.072679877281189,0.8960370421409607,0.7807548642158508,0.006195147056132555,0.005829172674566507,ok,ok,ok
86,5.733333110809326,000086.jpg,True,False,0.9717743396759033,Left,0.9717743396759033,0.25167277455329895,0.002479411195963621,0.0009087580256164074,0.0006726572755724192,0.00044370736577548087,11137.0126953125,11745.0,1.0545916557312012,0.9043848514556885,0.7805588245391846,0.0074349441565573215,0.02444024570286274,ok,ok,ok
87,5.800000190734863,000087.jpg,True,False,0.966322124004364,Left,0.966322124004364,0.44258153438568115,0.002637108787894249,0.0015981050673872232,0.0010592341423034668,0.0008786750258877873,11092.4365234375,11778.0,1.0618045330047607,0.8978604078292847,0.7846941947937012,0.002805764554068446,0.004010551143437624,ok,ok,ok
88,5.866666793823242,000088.jpg,True,False,0.9655536413192749,Left,0.9655536413192749,0.2065792977809906,0.00259713688865304,0.0007459312910214067,0.0009959005983546376,0.0007242472493089736,11036.6357421875,11752.0,1.064817190170288,0.8986555337905884,0.7807466983795166,0.002209944650530815,0.005043209996074438,ok,ok,ok
89,5.933333396911621,000089.jpg,True,False,0.9666820764541626,Left,0.9666820764541626,0.28149446845054626,0.002547793323174119,0.0010164403356611729,0.0017152155051007867,0.0011971157509833574,11214.3857421875,11872.0,1.0586402416229248,0.902375340461731,0.7801311612129211,0.010159160010516644,0.015976794064044952,ok,ok,ok
90,6.0,000090.jpg,True,False,0.9627622961997986,Left,0.9627622961997986,0.2869053781032562,0.002616165205836296,0.0010359784355387092,0.0013819372979924083,0.0005625920603051782,10620.5830078125,11442.0,1.0773420333862305,0.8999300599098206,0.7699422240257263,0.03688770532608032,0.0543900690972805,ok,ok,ok
91,6.066666603088379,000091.jpg,True,False,0.9577059745788574,Left,0.9577059745788574,0.2518765330314636,0.002645050873979926,0.0009094937704503536,0.0015379606047645211,0.0009269122965633869,10728.66015625,11302.0,1.053439974784851,0.8992213606834412,0.784660279750824,0.012310938909649849,0.010124682448804379,ok,critical,low_confidence
92,6.133333206176758,000092.jpg,True,False,0.962823212146759,Left,0.962823212146759,0.4488455355167389,0.002519110916182399,0.0016207235166803002,0.001532703056000173,0.0011664687190204859,10613.1005859375,11305.0,1.0651929378509521,0.8985404968261719,0.776719868183136,0.0002654045238159597,0.010829431004822254,ok,ok,ok
93,6.199999809265137,000093.jpg,True,False,0.9624638557434082,Left,0.9624638557434082,0.17036283016204834,0.0025072176940739155,0.0006151582929305732,0.002033543074503541,0.0008615035330876708,10480.76171875,11239.0,1.0723457336425781,0.9011477828025818,0.7665297985076904,0.005855216644704342,0.01254761777818203,ok,ok,ok
94,6.266666889190674,000094.jpg,True,False,0.9558312296867371,Left,0.9558312296867371,0.15456801652908325,0.0023429887369275093,0.0005581252626143396,0.0017276982543990016,0.0008117074030451477,9961.4453125,10859.0,1.0901029109954834,0.8860852718353271,0.7736444473266602,0.03439225256443024,0.05080825090408325,ok,critical,low_confidence
95,6.333333492279053,000095.jpg,True,False,0.9583393931388855,Left,0.9583393931388855,0.6420270800590515,0.002214286010712385,0.002318277256563306,0.0020341891795396805,0.0008056896040216088,9634.0830078125,10624.0,1.102751612663269,0.8798945546150208,0.768574595451355,0.02187776379287243,0.033411942422389984,ok,critical,low_confidence
96,6.400000095367432,000096.jpg,True,False,0.961199164390564,Left,0.961199164390564,0.4093632102012634,0.002146730199456215,0.0014781579375267029,0.0020667763892561197,0.0008852048777043819,9479.2255859375,10491.0,1.1067359447479248,0.8797064423561096,0.7626085877418518,0.012597679160535336,0.016204146668314934,ok,ok,ok
97,6.4666666984558105,000097.jpg,True,False,0.9581201672554016,Left,0.9581201672554016,0.1606161892414093,0.0022513947915285826,0.0005799644277431071,0.0013369792141020298,0.0009443185990676284,9267.271484375,10153.0,1.0955759286880493,0.8810203671455383,0.7664602994918823,0.032745592296123505,0.022612662985920906,ok,critical,low_confidence
98,6.5333333015441895,000098.jpg,True,False,0.957674503326416,Left,0.957674503326416,0.3242976665496826,0.0023992774076759815,0.0011709971586242318,0.0011410736478865147,0.000905557710211724,9220.287109375,10215.0,1.107883095741272,0.8794909715652466,0.7625743746757507,0.006087981164455414,0.0050828102976083755,ok,critical,low_confidence
99,6.599999904632568,000099.jpg,True,False,0.9586434364318848,Left,0.9586434364318848,0.5073406100273132,0.002689201617613435,0.0018319416558369994,0.0018448110204190016,0.0016650164034217596,9081.9912109375,10170.0,1.1197985410690308,0.8676499724388123,0.7649925947189331,0.004415011033415794,0.015112425200641155,ok,critical,low_confidence
100,6.666666507720947,000100.jpg,True,False,0.971398115158081,Left,0.971398115158081,0.3612317442893982,0.0028841476887464523,0.00130436138715595,0.001208662986755371,0.0008604000322520733,9228.1015625,10286.0,1.1146388053894043,0.8828504681587219,0.7565257549285889,0.011341415345668793,0.015959542244672775,ok,ok,ok
101,6.733333110809326,000101.jpg,True,False,0.9707374572753906,Left,0.9707374572753906,0.12173445522785187,0.002879917621612549,0.0004395674623083323,0.0016612582840025425,0.0009119282476603985,8738.650390625,9894.0,1.132211446762085,0.8711340427398682,0.7497768998146057,0.03885034844279289,0.05448410287499428,ok,ok,ok
102,6.800000190734863,000102.jpg,True,False,0.9662951231002808,Left,0.9662951231002808,0.37513217329978943,0.0027609127573668957,0.0013545540859922767,0.0013532649027183652,0.0006355003570206463,8879.8779296875,10026.0,1.1290695667266846,0.8704368472099304,0.7556056976318359,0.013253011740744114,0.01603170670568943,ok,ok,ok
103,6.866666793823242,000103.jpg,True,False,0.9517763257026672,Left,0.9517763257026672,0.5300354957580566,0.0025488389655947685,0.0019138900097459555,0.0016680954722687602,0.0012237343471497297,8542.890625,9771.0,1.1437580585479736,0.8601985573768616,0.7540061473846436,0.025761479511857033,0.03868355229496956,ok,critical,low_confidence
104,6.933333396911621,000104.jpg,True,False,0.9651062488555908,Left,0.9651062488555908,0.5001630187034607,0.0026331802364438772,0.0018060244619846344,0.0016956868348643184,0.0014103101566433907,8748.5390625,9970.0,1.1396188735961914,0.8739217519760132,0.7510764598846436,0.020161086693406105,0.023786168545484543,ok,ok,ok
105,7.0,000105.jpg,True,False,0.9545795917510986,Left,0.9545795917510986,0.46563223004341125,0.0027086164336651564,0.0016813381807878613,0.0017433747416362166,0.0013989036669954658,8909.6416015625,9931.0,1.1146352291107178,0.8855100274085999,0.7514880299568176,0.003919401206076145,0.018246788531541824,ok,critical,low_confidence
106,7.066666603088379,000106.jpg,True,False,0.9684930443763733,Left,0.9684930443763733,0.26275959610939026,0.0027425382286310196,0.0009487911593168974,0.0011486674193292856,0.0009111813269555569,8670.4931640625,9725.0,1.1216201782226562,0.880719780921936,0.7516030669212341,0.020960520952939987,0.0272066667675972,ok,ok,ok
107,7.133333206176758,000107.jpg,True,False,0.969373345375061,Left,0.969373345375061,0.29298579692840576,0.0026185824535787106,0.0010579340159893036,0.0010981896193698049,0.0005016751820221543,8717.056640625,9783.0,1.1222825050354004,0.8817335963249207,0.7562950253486633,0.0059462785720825195,0.005355955567210913,ok,ok,ok
108,7.199999809265137,000108.jpg,True,False,0.9640412330627441,Left,0.9640412330627441,0.0768885463476181,0.002621188061311841,0.00027763465186581016,0.0008128288318403065,0.0003844538296107203,8656.41796875,9679.0,1.1181299686431885,0.8829424381256104,0.7518167495727539,0.010687493719160557,0.006980604026466608,ok,ok,ok
109,7.266666889190674,000109.jpg,True,False,0.9668776988983154,Left,0.9668776988983154,0.3359377980232239,0.002647847170010209,0.0012130282120779157,0.00196350016631186,0.0013819828163832426,8856.78125,9833.0,1.1102226972579956,0.887826681137085,0.7542822360992432,0.015785157680511475,0.02288140170276165,ok,ok,ok
110,7.333333492279053,000110.jpg,True,False,0.9554292559623718,Left,0.9554292559623718,0.40985071659088135,0.0025106025859713554,0.001479918253608048,0.0016650744946673512,0.0014361606445163488,8873.974609375,9735.0,1.097028136253357,0.8928608298301697,0.7499977946281433,0.010016352869570255,0.0019393825205042958,ok,critical,low_confidence
111,7.400000095367432,000111.jpg,True,False,0.956784725189209,Left,0.956784725189209,0.5843546986579895,0.0026271415408700705,0.0021100298035889864,0.0016437474405393004,0.000859588966704905,9022.6298828125,9849.0,1.0915886163711548,0.8894304037094116,0.7635296583175659,0.011642157100141048,0.01661267876625061,ok,critical,low_confidence
112,7.4666666984558105,000112.jpg,True,False,0.9633603692054749,Left,0.9633603692054749,0.1821468621492386,0.0026721565518528223,0.0006577089079655707,0.0011949000181630254,0.0009267156128771603,8700.31640625,9524.0,1.0946727991104126,0.8875472545623779,0.7565492987632751,0.03355184942483902,0.03637244924902916,ok,ok,ok
113,7.5333333015441895,000113.jpg,True,False,0.977820098400116,Left,0.977820098400116,0.21853968501091003,0.0027396713849157095,0.0007891186978667974,0.000910716422367841,0.00048305210657417774,8900.0439453125,9602.0,1.0788711309432983,0.8928348422050476,0.7596486210823059,0.008156436495482922,0.02269584871828556,ok,ok,ok
114,7.599999904632568,000114.jpg,True,False,0.971303403377533,Left,0.971303403377533,0.7803593873977661,0.002789911348372698,0.0028177774511277676,0.0015994029818102717,0.0011653020046651363,8463.814453125,9429.0,1.1140366792678833,0.8834446668624878,0.7490100860595703,0.018180862069129944,0.05024568364024162,ok,ok,ok
115,7.666666507720947,000115.jpg,True,False,0.9806645512580872,Left,0.9806645512580872,0.4534863829612732,0.0028564096428453922,0.0016374810365960002,0.0009590031113475561,0.0006239364156499505,8531.611328125,9449.0,1.1075282096862793,0.8839030861854553,0.7550098896026611,0.0021188685204833746,0.007978249341249466,ok,ok,ok
116,7.733333110809326,000116.jpg,True,False,0.9818597435951233,Left,0.9818597435951233,0.39104732871055603,0.0029812976717948914,0.0014120216947048903,0.0012406513560563326,0.0009642090881243348,8166.82666015625,9249.0,1.132508397102356,0.8798788785934448,0.742438793182373,0.021392662078142166,0.04369087517261505,ok,ok,ok
117,7.800000190734863,000117.jpg,True,False,0.9619771838188171,Left,0.9619771838188171,0.5521071553230286,0.0027870519552379847,0.001993587939068675,0.0017413899768143892,0.0013360599987208843,8057.09521484375,9125.0,1.1325421333312988,0.8723287582397461,0.748313844203949,0.01349733304232359,0.013527116738259792,ok,ok,ok
118,7.866666793823242,000118.jpg,True,False,0.9753298163414001,Left,0.9753298163414001,0.6781905889511108,0.002799619920551777,0.0024488591589033604,0.0015367616433650255,0.0011312452843412757,7875.91943359375,8987.0,1.1410731077194214,0.8660287261009216,0.7449086904525757,0.01523851603269577,0.02274218387901783,ok,ok,ok
119,7.933333396911621,000119.jpg,True,False,0.9707901477813721,Left,0.9707901477813721,0.9371752738952637,0.002584482543170452,0.0033840194810181856,0.0024840650148689747,0.0019901725463569164,7773.12060546875,8774.0,1.128761649131775,0.8730339407920837,0.7419931888580322,0.023985136300325394,0.013138036243617535,ok,critical,temporal_jump
120,8.0,000120.jpg,True,False,0.9713187217712402,Left,0.9713187217712402,0.2658710479736328,0.0026459931395947933,0.0009600262274034321,0.001235181000083685,0.0009318655356764793,7750.70849609375,8916.0,1.1503463983535767,0.8646253943443298,0.7398537993431091,0.016054267063736916,0.002887445967644453,ok,ok,ok
121,8.066666603088379,000121.jpg,True,False,0.955938994884491,Left,0.955938994884491,0.46730688214302063,0.0029494664631783962,0.0016873851418495178,0.0016113915480673313,0.001423574984073639,7838.6650390625,8911.0,1.136800765991211,0.8599483966827393,0.7491078972816467,0.0005609468789771199,0.01128416694700718,ok,critical,low_confidence
122,8.133333206176758,000122.jpg,True,False,0.9662516713142395,Left,0.9662516713142395,1.5692588090896606,0.002584895584732294,0.005666391924023628,0.0035127666778862476,0.002299185609444976,7821.541015625,8859.0,1.1326411962509155,0.8623998165130615,0.7466152310371399,0.0058525605127215385,0.002186947502195835,temporal_jump,critical,temporal_jump;wrist_step_outlier
123,8.199999809265137,000123.jpg,True,False,0.9627262353897095,Left,0.9627262353897095,1.1519875526428223,0.0026913187466561794,0.0041596791706979275,0.0033619527239352465,0.0026623078156262636,7767.03125,8964.0,1.1541088819503784,0.8625613451004028,0.7414119243621826,0.011782527901232243,0.006993554532527924,ok,critical,temporal_jump;wrist_step_outlier
124,8.266666412353516,000124.jpg,True,False,0.9734328389167786,Left,0.9734328389167786,1.2661280632019043,0.00293376250192523,0.004571825731545687,0.0034696569200605154,0.0027528293430805206,9006.8857421875,10073.0,1.1183665990829468,0.8677653074264526,0.7596901059150696,0.11650995165109634,0.14783123135566711,ok,critical,temporal_jump;wrist_step_outlier
125,8.333333015441895,000125.jpg,True,False,0.9607637524604797,Left,0.9607637524604797,0.864418625831604,0.0030122946482151747,0.0031213045585900545,0.0038977970834821463,0.0031284026335924864,9536.9384765625,10437.0,1.0943763256072998,0.8733352422714233,0.761249840259552,0.03549487888813019,0.057167574763298035,ok,critical,temporal_jump
126,8.399999618530273,000126.jpg,True,False,0.9793136119842529,Left,0.9793136119842529,0.8143219947814941,0.003100702539086342,0.0029404121451079845,0.005402739625424147,0.0039175995625555515,9958.0859375,10644.0,1.0688800811767578,0.8786170482635498,0.7733835577964783,0.019638536497950554,0.043205637484788895,ok,critical,temporal_jump
127,8.466666221618652,000127.jpg,True,False,0.9706389904022217,Left,0.9706389904022217,1.3932740688323975,0.0023479654919356108,0.005030933767557144,0.007519052363932133,0.005514189600944519,10578.9775390625,11107.0,1.049912452697754,0.8886287808418274,0.7728086113929749,0.0425727553665638,0.06046547368168831,ok,critical,temporal_jump;wrist_step_outlier;fingertip_step_outlier
128,8.533333778381348,000128.jpg,True,False,0.9711282849311829,Left,0.9711282849311829,1.1162492036819458,0.0018590821418911219,0.004030632320791483,0.005768030881881714,0.004261762369424105,11017.7587890625,11136.0,1.010731816291809,0.8994252681732178,0.784740686416626,0.002607561880722642,0.04063403233885765,ok,critical,temporal_jump;wrist_step_outlier
129,8.600000381469727,000129.jpg,True,False,0.9865195751190186,Left,0.9865195751190186,0.9997230768203735,0.0018076201668009162,0.003609871491789818,0.006433716043829918,0.004816242028027773,12109.33984375,11947.0,0.9865938425064087,0.9151251316070557,0.7827627658843994,0.0702681615948677,0.09439844638109207,ok,critical,temporal_jump;fingertip_step_outlier
130,8.666666984558105,000130.jpg,True,False,0.9912716746330261,Left,0.9912716746330261,1.0216675996780396,0.001978731481358409,0.003689110279083252,0.0061018336564302444,0.0041982210241258144,12263.91796875,12039.0,0.9816601872444153,0.9149430990219116,0.7867032885551453,0.007671141531318426,0.012684240005910397,ok,critical,temporal_jump;wrist_step_outlier;fingertip_step_outlier
131,8.733333587646484,000131.jpg,True,False,0.986314058303833,Left,0.986314058303833,0.3161662817001343,0.0018590660765767097,0.001141635817475617,0.005840172525495291,0.0037140834610909224,12566.7275390625,12191.0,0.9701014161109924,0.9242063760757446,0.7888717651367188,0.012546430341899395,0.02438998967409134,ok,critical,fingertip_step_outlier
132,8.800000190734863,000132.jpg,True,False,0.9916794896125793,Left,0.9916794896125793,0.18782536685466766,0.001720241503790021,0.0006782132550142705,0.003515890333801508,0.00226786732673645,12721.0927734375,12243.0,0.9624173045158386,0.921179473400116,0.7936298847198486,0.004256363958120346,0.012208662927150726,ok,ok,ok
133,8.866666793823242,000133.jpg,True,False,0.9928072690963745,Left,0.9928072690963745,0.23067063093185425,0.00163424969650805,0.0008329219999723136,0.0030370373278856277,0.002182750031352043,12925.3505859375,12486.0,0.9660086035728455,0.9246355891227722,0.7890934348106384,0.019653039053082466,0.01592874340713024,ok,ok,ok
134,8.933333396911621,000134.jpg,True,False,0.9922429919242859,Left,0.9922429919242859,1.0365352630615234,0.001487855683080852,0.0037427954375743866,0.003266473999246955,0.002558539854362607,13456.703125,12835.0,0.9537997245788574,0.9264510869979858,0.7963489294052124,0.027566051110625267,0.04028136283159256,ok,critical,temporal_jump;wrist_step_outlier
135,9.0,000135.jpg,True,False,0.9919017553329468,Left,0.9919017553329468,0.84152752161026,0.0018646040698513389,0.0030386478174477816,0.0030760569497942924,0.0019604614935815334,13396.9208984375,12937.0,0.9656696319580078,0.9227796196937561,0.7928110361099243,0.007915567606687546,0.004452451132237911,ok,critical,temporal_jump
136,9.066666603088379,000136.jpg,True,False,0.9920342564582825,Left,0.9920342564582825,0.7695727944374084,0.001768300193361938,0.00277882837690413,0.002913961187005043,0.0016496846219524741,13786.1845703125,13621.0,0.9880180954933167,0.9097716808319092,0.7957853078842163,0.05150990188121796,0.02864011749625206,ok,ok,ok
137,9.133333206176758,000137.jpg,True,False,0.9927411675453186,Left,0.9927411675453186,0.9706316590309143,0.0015750388847663999,0.003504826221615076,0.003159193554893136,0.002346593188121915,14238.7529296875,14104.0,0.9905362129211426,0.9130743145942688,0.7983601093292236,0.034842200577259064,0.03229754790663719,ok,critical,temporal_jump
138,9.199999809265137,000138.jpg,True,False,0.9903113842010498,Left,0.9903113842010498,0.8576809167861938,0.0016038018511608243,0.0030969756189733744,0.003959733992815018,0.0022503272630274296,14455.15625,14305.0,0.9896122813224792,0.9110101461410522,0.8049424290657043,0.014150445349514484,0.015083570964634418,ok,critical,temporal_jump
139,9.266666412353516,000139.jpg,True,False,0.9923895597457886,Left,0.9923895597457886,1.1264194250106812,0.002030101837590337,0.004067355766892433,0.004398931283503771,0.0033885978627949953,14553.0673828125,14427.0,0.9913374185562134,0.9187634587287903,0.8072032928466797,0.008492273278534412,0.006750578060746193,ok,critical,temporal_jump;wrist_step_outlier
140,9.333333015441895,000140.jpg,True,False,0.9929689764976501,Left,0.9929689764976501,1.174838662147522,0.002306434791535139,0.004242191556841135,0.005144529975950718,0.002621899824589491,14430.50390625,14395.0,0.9975396394729614,0.9189996719360352,0.8070751428604126,0.002220525871962309,0.008457444608211517,ok,critical,temporal_jump;wrist_step_outlier
141,9.399999618530273,000141.jpg,True,False,0.9930441975593567,Left,0.9930441975593567,0.7467052340507507,0.002416395116597414,0.0026962566189467907,0.005078077781945467,0.0025428603403270245,14583.107421875,14612.0,1.001981258392334,0.9221187829971313,0.8062310814857483,0.014961905777454376,0.010519443079829216,ok,ok,ok
142,9.466666221618652,000142.jpg,True,False,0.9888558387756348,Left,0.9888558387756348,0.7063198089599609,0.002518333261832595,0.002550430130213499,0.005330141168087721,0.002477413509041071,14528.8330078125,14547.0,1.0012503862380981,0.9217020869255066,0.8047431707382202,0.00445831473916769,0.0037286703009158373,ok,ok,ok
143,9.533333778381348,000143.jpg,True,False,0.9897730946540833,Left,0.9897730946540833,0.6305660605430603,0.002564393449574709,0.0022768930066376925,0.004815725143998861,0.00183330406434834,14568.52734375,14625.0,1.0038763284683228,0.9204786419868469,0.803337574005127,0.005347593687474728,0.0027283807285130024,ok,ok,ok
144,9.600000381469727,000144.jpg,True,False,0.9845340251922607,Left,0.9845340251922607,0.3876274526119232,0.00249996199272573,0.0013996729394420981,0.003689876524731517,0.0017552224453538656,14376.1513671875,14507.0,1.0091017484664917,0.9196249842643738,0.799563467502594,0.008101057261228561,0.013292665593326092,ok,ok,ok
145,9.666666984558105,000145.jpg,True,False,0.987491250038147,Left,0.987491250038147,0.392736554145813,0.002525154035538435,0.0014181212754920125,0.004942967090755701,0.0016938354820013046,14166.5849609375,14294.0,1.0089941024780273,0.9173779487609863,0.7999201416969299,0.014791153371334076,0.014684394933283329,ok,ok,ok
146,9.733333587646484,000146.jpg,True,False,0.9910334348678589,Left,0.9910334348678589,0.41191551089286804,0.0025048013776540756,0.0014873739564791322,0.003512643976137042,0.0011553606018424034,13590.7021484375,13951.0,1.0265105962753296,0.9034478068351746,0.7931081652641296,0.02428748458623886,0.04149417206645012,ok,ok,ok
147,9.800000190734863,000147.jpg,True,False,0.9793192744255066,Left,0.9793192744255066,0.543981671333313,0.0026056852657347918,0.0019642480183392763,0.0037287382874637842,0.0017024092376232147,13820.595703125,14053.0,1.0168157815933228,0.9082046747207642,0.7961172461509705,0.007284673396497965,0.016773635521531105,ok,ok,ok
148,9.866666793823242,000148.jpg,True,False,0.9772793650627136,Left,0.9772793650627136,0.6647741794586182,0.0027667488902807236,0.0024004140868782997,0.004491087514907122,0.002488361205905676,14256.28515625,14302.0,1.0032066106796265,0.9154663681983948,0.7934705018997192,0.01756303943693638,0.03103546053171158,ok,ok,ok
149,9.933333396911621,000149.jpg,True,False,0.9626966118812561,Left,0.9626966118812561,0.6309194564819336,0.0028690958861261606,0.0022781691513955593,0.007002450060099363,0.0029544243589043617,14250.2119140625,14178.0,0.9949325919151306,0.9145860075950623,0.7973930835723877,0.00870786514133215,0.0004260952991899103,ok,critical,fingertip_step_outlier
150,10.0,000150.jpg,True,False,0.9769178032875061,Left,0.9769178032875061,0.45766305923461914,0.0029259168077260256,0.0016525625251233578,0.0037462948821485043,0.001978283515200019,14559.8515625,14185.0,0.9742544293403625,0.9161085486412048,0.7973632216453552,0.0004936007899232209,0.021495243534445763,ok,ok,ok
151,10.066666603088379,000151.jpg,True,False,0.9708063006401062,Left,0.9708063006401062,0.3216654658317566,0.0030036764219403267,0.0011614926625043154,0.004733531270176172,0.002639739541336894,14622.7734375,14167.0,0.9688312411308289,0.9149431586265564,0.7985350489616394,0.0012697516940534115,0.004312283359467983,ok,ok,ok
152,10.133333206176758,000152.jpg,True,False,0.974227249622345,Left,0.974227249622345,0.2288600206375122,0.00293066818267107,0.000826384115498513,0.0033817822113633156,0.0018032724037766457,14687.1181640625,14092.0,0.9594802856445312,0.9166193604469299,0.79995197057724,0.005308043677359819,0.004390649497509003,ok,ok,ok
153,10.199999809265137,000153.jpg,True,False,0.9753946661949158,Left,0.9753946661949158,0.5465700030326843,0.002966440748423338,0.0019735940732061863,0.002119366079568863,0.0017111350316554308,14802.5673828125,14049.0,0.9490920901298523,0.9223432540893555,0.7968651652336121,0.003056039335206151,0.007829803042113781,ok,ok,ok
154,10.266666412353516,000154.jpg,True,False,0.9851665496826172,Left,0.9851665496826172,0.32409000396728516,0.0030223664361983538,0.0011702473275363445,0.0017103661084547639,0.0014849526342004538,14990.0166015625,14092.0,0.9400923252105713,0.924070417881012,0.799552857875824,0.003056039335206151,0.012583616189658642,ok,ok,ok
155,10.333333015441895,000155.jpg,True,False,0.9868647456169128,Left,0.9868647456169128,0.4441102147102356,0.0031424458138644695,0.0016036248998716474,0.00305950571782887,0.002224465599283576,15689.3984375,14414.0,0.9187095165252686,0.9376300573348999,0.8004794716835022,0.022591734305024147,0.045592907816171646,ok,ok,ok
156,10.399999618530273,000156.jpg,True,False,0.9846269488334656,Left,0.9846269488334656,0.5949865579605103,0.003310266649350524,0.0021484200842678547,0.0019157177302986383,0.0016070802230387926,15473.544921875,14217.0,0.9187939763069153,0.9326158761978149,0.8094550967216492,0.013761308044195175,0.013853217475116253,ok,ok,ok
157,10.466666221618652,000157.jpg,True,False,0.9823643565177917,Left,0.9823643565177917,0.8195742964744568,0.0031666159629821777,0.0029593773651868105,0.0042535061948001385,0.0024582843761891127,15902.7470703125,14537.0,0.914118766784668,0.9396023750305176,0.7987316250801086,0.022257773205637932,0.027358371764421463,ok,critical,temporal_jump
158,10.533333778381348,000158.jpg,True,False,0.9840559363365173,Left,0.9840559363365173,0.6479009985923767,0.0030615695286542177,0.0023394871968775988,0.004534347914159298,0.0022902865894138813,16187.3984375,14438.0,0.8919283747673035,0.9432746767997742,0.8057039380073547,0.006833476945757866,0.017740733921527863,ok,ok,ok
159,10.600000381469727,000159.jpg,True,False,0.9793354272842407,Left,0.9793354272842407,0.408519446849823,0.0030030885245651007,0.0014751112321391702,0.0038701111916452646,0.0023138136602938175,15664.8154296875,14166.0,0.9043196439743042,0.9419737458229065,0.8013512492179871,0.019018318504095078,0.03281297907233238,ok,ok,ok
160,10.666666984558105,000160.jpg,True,False,0.9791241884231567,Left,0.9791241884231567,0.4030720889568329,0.002838837681338191,0.0014554414665326476,0.0019364560721442103,0.0016738433623686433,15585.2490234375,14175.0,0.9095138311386108,0.9409523606300354,0.8003106713294983,0.0006351222400553524,0.00509223947301507,ok,ok,ok
161,10.733333587646484,000161.jpg,True,False,0.9698313474655151,Left,0.9698313474655151,0.585619330406189,0.002524274867027998,0.002114596078172326,0.00320729473605752,0.0026701041497290134,15469.3662109375,13981.0,0.9037862420082092,0.9394177794456482,0.8040211200714111,0.013780366629362106,0.007463161833584309,ok,ok,ok
162,10.800000190734863,000162.jpg,True,False,0.9768545031547546,Left,0.9768545031547546,0.30303236842155457,0.0025454151909798384,0.0010942108929157257,0.0024550650268793106,0.00120366713963449,15163.0595703125,13820.0,0.9114255309104919,0.941823422908783,0.7923840284347534,0.01158231683075428,0.01999885030090809,ok,ok,ok
163,10.866666793823242,000163.jpg,True,False,0.9823613166809082,Left,0.9823613166809082,0.3022266626358032,0.0026372151914983988,0.0010913016740232706,0.0030119773000478745,0.001313199638389051,14747.7587890625,13502.0,0.9155289530754089,0.9367501139640808,0.7979093194007874,0.023277943953871727,0.027769269421696663,ok,ok,ok
164,10.933333396911621,000164.jpg,True,False,0.9825083613395691,Left,0.9825083613395691,0.2773805558681488,0.002610718132928014,0.0010015855077654123,0.001906797057017684,0.0015347208827733994,14693.3955078125,13550.0,0.9221830368041992,0.937269389629364,0.790647566318512,0.003548721084371209,0.003693012986332178,ok,ok,ok
165,11.0,000165.jpg,True,False,0.9825176000595093,Left,0.9825176000595093,0.28561967611312866,0.002588994102552533,0.0010313359089195728,0.002264582086354494,0.0012656168546527624,14667.443359375,13410.0,0.914269745349884,0.9384787678718567,0.7885722517967224,0.010385756380856037,0.0017678069416433573,ok,ok,ok
166,11.066666603088379,000166.jpg,True,False,0.9790424108505249,Left,0.9790424108505249,0.3368378281593323,0.0026024403050541878,0.0012162780622020364,0.002004440175369382,0.0010424884967505932,14366.2890625,13249.0,0.9222283959388733,0.9352403879165649,0.7924042344093323,0.012078472413122654,0.020745132118463516,ok,ok,ok
167,11.133333206176758,000167.jpg,True,False,0.9846444725990295,Left,0.9846444725990295,0.3378899097442627,0.0025910246185958385,0.0012200770433992147,0.0023705691564828157,0.0012470975052565336,14241.61328125,13255.0,0.9307231903076172,0.9335345029830933,0.7893588542938232,0.0004527618584688753,0.008716178126633167,ok,ok,ok
168,11.199999809265137,000168.jpg,True,False,0.9816691279411316,Left,0.9816691279411316,0.28412553668022156,0.0027111349627375603,0.0010259407572448254,0.0034193401224911213,0.0014793665613979101,14070.4580078125,13084.0,0.9298915266990662,0.9322072863578796,0.7920325398445129,0.012984547764062881,0.012090622447431087,ok,ok,ok
169,11.266666412353516,000169.jpg,True,False,0.9877581596374512,Left,0.9877581596374512,0.1566246598958969,0.0029225770849734545,0.0005655515124090016,0.0037194143515080214,0.0016589440638199449,13908.85546875,13011.0,0.9354472160339355,0.9272154569625854,0.7955190539360046,0.005594941787421703,0.011551572941243649,ok,ok,ok
170,11.333333015441895,000170.jpg,True,False,0.9831910729408264,Left,0.9831910729408264,0.28982535004615784,0.0029533791821449995,0.0010465220548212528,0.0032859565690159798,0.0012203066144138575,13411.07421875,12740.0,0.9499611854553223,0.9233908653259277,0.7879596948623657,0.021047726273536682,0.0364408865571022,ok,ok,ok
171,11.399999618530273,000171.jpg,True,False,0.9771500825881958,Left,0.9771500825881958,0.30492082238197327,0.003041416872292757,0.0011010299203917384,0.00378749193623662,0.0012874063104391098,13025.0615234375,12603.0,0.967596173286438,0.9155756831169128,0.7822859287261963,0.010811664164066315,0.02920341119170189,ok,ok,ok
172,11.466666221618652,000172.jpg,True,False,0.9834726452827454,Left,0.9834726452827454,0.2499127835035324,0.0031881786417216063,0.0009024029714055359,0.0033708270639181137,0.0012664550449699163,12930.8466796875,12618.0,0.9758061766624451,0.9155967831611633,0.7766274213790894,0.0011894849594682455,0.007259606849402189,ok,ok,ok
173,11.533333778381348,000173.jpg,True,False,0.9808933734893799,Left,0.9808933734893799,0.2148350477218628,0.003269874956458807,0.0007757417624816298,0.0018006154568865895,0.0008685896173119545,12489.5146484375,12406.0,0.993313193321228,0.9034337997436523,0.7713385820388794,0.016943734139204025,0.034722719341516495,ok,ok,ok
174,11.600000381469727,000174.jpg,True,False,0.976730227470398,Left,0.976730227470398,0.134819895029068,0.003258325159549713,0.0004868173273280263,0.0007634322391822934,0.000620670965872705,12312.4267578125,12250.0,0.9949297904968262,0.9026122689247131,0.7691421508789062,0.012654121033847332,0.014280163682997227,ok,ok,ok
175,11.666666984558105,000175.jpg,True,False,0.9657672047615051,Left,0.9657672047615051,0.18229463696479797,0.003279003081843257,0.0006582424975931644,0.0013292399235069752,0.0008394586038775742,12262.8232421875,12111.0,0.9876192212104797,0.9009990692138672,0.7702294588088989,0.011411682702600956,0.0040368675254285336,ok,ok,ok
176,11.733333587646484,000176.jpg,True,False,0.9611929655075073,Left,0.9611929655075073,0.3699171841144562,0.0034486218355596066,0.0013357234420254827,0.0008693384006619453,0.0006526366923935711,12080.8134765625,12096.0,1.001257061958313,0.8959159851074219,0.7676206231117249,0.0012393109500408173,0.014953374862670898,ok,ok,ok
177,11.800000190734863,000177.jpg,True,False,0.9701659679412842,Left,0.9701659679412842,0.12353595346212387,0.0034529492259025574,0.0004460724594537169,0.000899605278391391,0.0006059666629880667,11953.216796875,11928.0,0.9978903532028198,0.8936116695404053,0.7726707458496094,0.0139860138297081,0.010618000291287899,ok,ok,ok
178,11.866666793823242,000178.jpg,True,False,0.9736115336418152,Left,0.9736115336418152,0.14321914315223694,0.0034145484678447247,0.0005171459051780403,0.0006599773187190294,0.000366816995665431,12332.916015625,12131.0,0.9836278557777405,0.9005028605461121,0.7704220414161682,0.01687518134713173,0.031268808990716934,ok,ok,ok
179,11.933333396911621,000179.jpg,True,False,0.9611762166023254,Left,0.9611762166023254,0.1981104612350464,0.003314001252874732,0.0007153514306992292,0.0005049379542469978,0.0002941882121376693,12241.1005859375,12067.0,0.9857773780822754,0.9020469188690186,0.7646864056587219,0.005289693363010883,0.00747256213799119,ok,ok,ok
180,12.0,000180.jpg,True,False,0.9682044982910156,Left,0.9682044982910156,0.10536663234233856,0.003350361716002226,0.0003804653824772686,0.0005573224043473601,0.0004418159951455891,12364.3544921875,12053.0,0.9748184084892273,0.9000248908996582,0.7766066193580627,0.0011608623899519444,0.010018421337008476,ok,ok,ok
181,12.066666603088379,000181.jpg,True,False,0.9698272943496704,Left,0.9698272943496704,0.19113683700561523,0.003312334418296814,0.0006901705637574196,0.0005397412460297346,0.0003840166609734297,12287.806640625,12174.0,0.9907382726669312,0.8978149890899658,0.7717987298965454,0.009988855570554733,0.006210234947502613,ok,ok,ok
